lr,step,tokens_b,I,rho,base,ta,prism
1e-4,500,0.131072,5.201878238928952e-07,0.3376872150434918,,,
1e-4,1000,0.262144,1.1198572328608787e-06,0.3389933178342689,,,
1e-4,1500,0.393216,1.6971095446975006e-06,0.33881672032694315,,,
1e-4,2000,0.524288,2.231937904075071e-06,0.33843241522675555,,,
1e-4,2500,0.655360,2.7085513076079743e-06,0.33700770993480444,,,
1e-4,3000,0.786432,3.193669670389209e-06,0.3351353872010055,,,
1e-4,3500,0.917504,3.640868381888536e-06,0.33369484709711206,,,
1e-4,3815,1.000079,3.905062055687236e-06,0.3329080704550017,56.1,55.4,56.2
5e-4,500,1.131151,2.8878542971575545e-05,0.3503452489724068,,,
5e-4,1000,1.262223,5.438603157739318e-05,0.34885062124130595,,,
5e-4,1500,1.393295,7.980439770764031e-05,0.3474503827320809,,,
5e-4,2000,1.524367,0.00010597284660461335,0.3460503119326853,,,
5e-4,2500,1.655439,0.00013222693974604142,0.34440831384184606,,,
5e-4,3000,1.786511,0.0001596807770414147,0.3436731373487717,,,
5e-4,3500,1.917583,0.00018743228329907335,0.3426867435297879,,,
5e-4,4000,2.048655,0.00021586,0.3418,56.1,35.8,55.9
